-- phpMyAdmin SQL Dump
-- version 5.1.1
-- https://www.phpmyadmin.net/
--
-- Máy chủ: 127.0.0.1
-- Thời gian đã tạo: Th3 12, 2022 lúc 03:54 PM
-- Phiên bản máy phục vụ: 10.4.22-MariaDB
-- Phiên bản PHP: 8.1.1

SET SQL_MODE = "NO_AUTO_VALUE_ON_ZERO";
START TRANSACTION;
SET time_zone = "+00:00";


/*!40101 SET @OLD_CHARACTER_SET_CLIENT=@@CHARACTER_SET_CLIENT */;
/*!40101 SET @OLD_CHARACTER_SET_RESULTS=@@CHARACTER_SET_RESULTS */;
/*!40101 SET @OLD_COLLATION_CONNECTION=@@COLLATION_CONNECTION */;
/*!40101 SET NAMES utf8mb4 */;

--
-- Cơ sở dữ liệu: `mycoffee`
--

-- --------------------------------------------------------

--
-- Cấu trúc bảng cho bảng `bill`
--

CREATE TABLE `bill` (
  `id` int(11) NOT NULL,
  `idb` int(11) DEFAULT NULL,
  `discount` int(11) DEFAULT 0,
  `timeout` datetime DEFAULT NULL,
  `status` int(1) DEFAULT 0,
  `iduser` int(11) DEFAULT NULL
) ENGINE=InnoDB DEFAULT CHARSET=utf8mb4 COLLATE=utf8mb4_unicode_ci;

--
-- Đang đổ dữ liệu cho bảng `bill`
--

INSERT INTO `bill` (`id`, `idb`, `discount`, `timeout`, `status`, `iduser`) VALUES
(1, 1, 0, '2022-03-11 16:45:04', 1, 1),
(2, 2, 10, '2022-03-11 16:47:26', 1, 1),
(6, 2, 0, '0000-00-00 00:00:00', 0, 1),
(7, 8, 20, '2022-03-12 08:33:10', 1, 1),
(8, 1, 0, '2022-03-11 19:36:08', 1, 1),
(9, 7, 0, '0000-00-00 00:00:00', 0, 1),
(10, 4, 0, '0000-00-00 00:00:00', 0, 1),
(13, 1, 0, '2022-03-11 20:19:26', 1, 1),
(15, 1, 10, '2022-03-12 09:52:00', 1, 10),
(16, 1, 0, '2022-03-11 20:37:30', 1, 1),
(21, 10, 0, '2022-03-11 20:49:41', 1, 1),
(22, 10, 10, '2022-03-11 20:50:19', 1, 1),
(23, 10, 30, '2022-03-11 20:52:23', 1, 1),
(24, 10, 15, '2022-03-11 20:51:17', 1, 1),
(25, 10, 0, '0000-00-00 00:00:00', 0, 1),
(26, 1, 0, '2022-03-11 20:55:19', 1, 4),
(27, 3, 0, '0000-00-00 00:00:00', 0, 4),
(28, 5, 0, '0000-00-00 00:00:00', 0, 4),
(29, 6, 0, '0000-00-00 00:00:00', 0, 4),
(30, 9, 0, '0000-00-00 00:00:00', 0, 1),
(31, 8, 0, '2022-03-12 08:32:37', 1, 1),
(32, 8, 0, '0000-00-00 00:00:00', 0, 1),
(33, 1, 0, '0000-00-00 00:00:00', 0, 10);

-- --------------------------------------------------------

--
-- Cấu trúc bảng cho bảng `categorys`
--

CREATE TABLE `categorys` (
  `id` int(11) NOT NULL,
  `name` varchar(255) COLLATE utf8mb4_unicode_ci DEFAULT NULL
) ENGINE=InnoDB DEFAULT CHARSET=utf8mb4 COLLATE=utf8mb4_unicode_ci;

--
-- Đang đổ dữ liệu cho bảng `categorys`
--

INSERT INTO `categorys` (`id`, `name`) VALUES
(3, 'Cà Phê Truyền Thống'),
(4, 'Cà Phê Máy'),
(5, 'Sinh Tố'),
(6, 'Trà Sáng Tạo'),
(7, 'Các Món Khác'),
(8, 'Nước Ép');

-- --------------------------------------------------------

--
-- Cấu trúc bảng cho bảng `invoicedetails`
--

CREATE TABLE `invoicedetails` (
  `id` int(11) NOT NULL,
  `idbill` int(11) DEFAULT NULL,
  `idproduct` int(11) DEFAULT NULL,
  `amount` int(11) DEFAULT NULL,
  `discount` int(11) DEFAULT 0,
  `timein` datetime DEFAULT current_timestamp(),
  `status` int(11) DEFAULT 0,
  `note` text COLLATE utf8mb4_unicode_ci NOT NULL
) ENGINE=InnoDB DEFAULT CHARSET=utf8mb4 COLLATE=utf8mb4_unicode_ci;

--
-- Đang đổ dữ liệu cho bảng `invoicedetails`
--

INSERT INTO `invoicedetails` (`id`, `idbill`, `idproduct`, `amount`, `discount`, `timein`, `status`, `note`) VALUES
(1, 1, 5, 1, 0, '2022-03-10 22:21:19', 1, ''),
(2, 1, 3, 2, 0, '2022-03-10 16:49:09', 1, ''),
(12, 1, 3, 1, 0, '2022-03-11 11:02:44', 1, ''),
(13, 1, 3, 1, 0, '2022-03-11 11:02:44', 1, ''),
(17, 2, 4, 3, 10, '2022-03-11 11:29:45', 1, ''),
(18, 2, 4, 1, 0, '2022-03-11 12:06:16', 1, ''),
(21, 8, 4, 1, 0, '2022-03-11 17:24:39', 1, ''),
(22, 8, 5, 1, 0, '2022-03-11 19:30:36', 1, ''),
(23, 13, 1, 1, 0, '2022-03-11 19:36:31', 1, ''),
(24, 13, 5, 1, 10, '2022-03-11 19:36:32', 1, ''),
(25, 13, 1, 1, 0, '2022-03-11 19:46:49', 1, ''),
(26, 13, 4, 1, 0, '2022-03-11 20:00:02', 1, ''),
(27, 7, 4, 1, 0, '2022-03-11 20:22:45', 1, ''),
(28, 26, 2, 1, 0, '2022-03-11 20:22:48', 1, ''),
(29, 21, 4, 1, 0, '2022-03-11 20:49:31', 1, ''),
(30, 21, 3, 1, 0, '2022-03-11 20:49:31', 1, ''),
(31, 22, 4, 1, 0, '2022-03-11 20:50:02', 1, ''),
(32, 22, 3, 1, 0, '2022-03-11 20:50:03', 1, ''),
(33, 24, 5, 1, 0, '2022-03-11 20:50:58', 1, ''),
(34, 23, 1, 1, 0, '2022-03-11 20:51:01', 1, ''),
(35, 23, 5, 1, 0, '2022-03-11 20:51:58', 1, ''),
(36, 31, 5, 1, 0, '2022-03-11 21:06:52', 1, ''),
(37, 15, 4, 1, 0, '2022-03-11 22:48:12', 1, ''),
(38, 32, 4, 1, 0, '2022-03-12 08:45:25', 0, '');

-- --------------------------------------------------------

--
-- Cấu trúc bảng cho bảng `products`
--

CREATE TABLE `products` (
  `id` int(11) NOT NULL,
  `idc` int(11) DEFAULT NULL,
  `name` varchar(255) COLLATE utf8mb4_unicode_ci DEFAULT NULL,
  `img` text COLLATE utf8mb4_unicode_ci DEFAULT NULL,
  `price` int(11) DEFAULT NULL
) ENGINE=InnoDB DEFAULT CHARSET=utf8mb4 COLLATE=utf8mb4_unicode_ci;

--
-- Đang đổ dữ liệu cho bảng `products`
--

INSERT INTO `products` (`id`, `idc`, `name`, `img`, `price`) VALUES
(1, 4, 'Máy Đen', 'https://vietblend.vn/wp-content/uploads/2018/12/ly-latte-hinh-trai-tim.jpg', 30000),
(2, 5, 'Xoài', NULL, 50000),
(3, 3, 'Nâu Đá', '', 10000),
(4, 3, 'Đen Đá', 'data:image/jpeg;base64,/9j/4AAQSkZJRgABAQAAAQABAAD/2wCEAAoHCBYWFRYWFhYYGBgaGhoeGhwaHBgcHBwaGBgaGhoYGBgcIS4lHB4rHxgaJjgmKy8xNTU1HCQ7QDs0Py40NTEBDAwMEA8QHxISHjQrJCs0NDQ0NDQ0NDQ0NDQ0NDQ0NDQ0NDQ0NDQ0NDQ0NDQ0NDQ0NDQ0NDQ0NDQ0NDQ0NDQ0NP/AABEIARMAtwMBIgACEQEDEQH/xAAbAAABBQEBAAAAAAAAAAAAAAACAAEDBAUGB//EAEAQAAEDAgQEAwUFBgUEAwAAAAEAAhEDIQQSMUEFIlFhcYGhBhORsfAyQlLB0RQjYnLh8QckgqKyM2OSwhVDg//EABkBAAMBAQEAAAAAAAAAAAAAAAABAgMEBf/EACURAAICAgICAQQDAAAAAAAAAAABAhESIQMxQVFxBBMi8SMyQv/aAAwDAQACEQMRAD8A8uN0TGyUmtR09VYDZUntvbROXd0xJ6pgAGp04HdIBIBmhWKAEidFBCkZ3QBNiaoJOQQFE9sjQyjHwScDAQBAWJZSpyOqYPlMCHKnyQJ9Eb0huEAC4k3QKVjZkBIU5RYURh6KUQppZECHpsupXenRBSBmVMYjuk2NIhLuiYG+pUggBM0p2FBVCUlICN0kgKWUImMAglAblJ77BACfqgKclMUAKU+aEmlMQgBSjDgo2tlIBAybMVMZjUeCrNRByBErGmSinsAha+/VB7zsgByny7wn2lM16AHa3VT0yA0iLqIFOxwm6GND5/4TPVFSZrMoDXyiEDq89UAXKTWg6OKerktykKh70gyi94SbpUO9BObvdCx/ZE+qIi/dRAjZMmiR7+xTKRoskmBSDkg6UEpSkATuyTSkCmJQA5KJpmxQA2RNKBiaCEbAnFUxFoQteEASZYTiIUYqSUUdUAHI2TsbJUWimDrIEMfEqGyJzkGVABh8bog+6hAT5UwDeJhCUKQCBDyjAUYcjzIAEqRr4UeUlK6YEvvY0SUUJIAiDbpiFK3VA4hSUAQjvF0muTygQBRBM5qIM7IAQCRai8kz2myAGDUcIWynL0wCyyizbIGVSNEbaxm6AAJTInvJOyBxQAQKlJBAtEKEJwUCEQnyWKFOEwGDUYhCU8oAMDogcU7XFO4ygBgnSIhJAEbYQu10UbSVJKkYiE4agBKMBADkJE90M7JOpkapgEnebIAE7gSgBEpJ8iSBDsduifVBMwB4KPwTxdMBnJRdFk7pBpJQAwTqehhS6T0E91GWWBghFhQBCZGQUKAGSTlE1nVADN8VKQJ1UeVPCAGc2E6YFOgCFzEt0dMjqjFPokMjiybMQrXuBA5rqE0wJ5kUFkDDdWm0XFs2juUPuuklC6kbSkAdHCue4NYJcdhfz8O63cD7Mk3rVW022mIcb6AmQ0E+J0K0PZ3C5MN7wC9R7muOXMRkdlayBf7QBgbuHQLqncBa1oeWOc4e8921rGmAAC17pIElxJykkmb7gTkOjMw/sFRLA7946ZgOc1pNz6bzCGr7J0mMJyMB1aM2cuECfE8wsuhe9tRxe1j2PLMuVzoy/iiCQDty3E+EW+GYJjWNZENFgJLom25NllLmV0ilB9s8/wAbwMsn/LjL+LlaTeLNiQJ3VbG8BawAmmROhzQJtYEmAb7i69JxeBpvcM9zTnKSJgmPszYqs/g5gkvaQbZS3XqDBspXK3+ysEuzzNnAM8hhIcPu1IvFzleLE9oWXWoPY4tc0tI1B1/qF6VifZ7mAYQeXQkug9QekWv2usP2nwDQxha10ipkaHakEOLoP4eXNfSD1WkeW2S4nGOJ2kK1wvBPrVGU2nmed9rST8Amf6KWm/I5rmmCLgg3BHda2TR1FP2TpNac9RznDoQ0fDVUW8FouOVrnA9+YT0jVdi2oSASA6QDcA6hWcNUABhjAeoaB8lKbZN0eWca4c6g8MdBzCQ4biYNtlQY1dBx4OfiKjnEkNOUdABs0eMqi2g2Jkgd1SeikrKYZ1UUCVdqQNifFRBk3QmNx9FZ7bpKyfBJPIWJnuYiYCNCtsYVo2/NSHAt1AHkgmzCaw7uTlkaXXRNwLbDKrDOHssMo+t0WByzHuGhKB7yTeV1j+FsGqhdw6m4WslYWdV7Jse2ix9OHtqMpuqU3aF4GUvYY5X8pkaHKNDddWzH0wY5mbZXCDJ73B8iVy/sxWbTpNpn7pdHgXF0HwldE9jSLEOkA81wAdguCfLUmkdUYa2HiWS4EiZETN/Adp/JZVWu9+amw85uGjZusOOxiStNlJgIhoB7W+Xgj9wxji8DK42LgYJ8TqVOSeykqMHh76lHN71wdJ5RLiRHTp/RbWCpOdLnw1ti1pOvd19OyephAcuaJcT9rmJ7xpZaNI5AMobIi4AkW6qoNN7FO3tIjexhbyU+YWsMrbReTtcaSud43wuKdV73B7xTe1tuVmdpByjqZEuNz6Dqa4cdbzqViccZ+4qa6AfFwC6KXhGFs8qHCXkES0eS2OF+yzyJe8NZrZvN5Totfg2DD6rWnQXPeNl3Q4cyLg6dSuiLbMpOjGw2FLWNBY+AAASDcAQCSpxQtIBWwymWiA4x3uo6jHOtNu0/OU8SLPL+K8Mr53uY4O5nEtgAi5Njuspjat81u0C69d/+Oa25E/za/Fcp7RcMDHtc2weCY2BGvzUStI0i97OINB5IkWSNAyQ1sEdVr1GXTtp9vFKzS96ML9keRMJ10zsNawKSVgZNPDhWaVGAjpUxt/ZWKYVtmaRXazTqpnUzspnMHZRaTcJWFEYc770fBEKfcInObuUwqBuiGwotYbln4rVwDS5pdNzbyEnr9QsKligXR2v26LXwVXQaXmJ+pXkfUxqbs9Lif8aLeGruAiTNzJAERqcu53W3gcQcgzPzEj7YAEjw0i4WBfOIaY/FIgeUyFvUqJcy2o6a/BYRTT0W6oN+OY1zrxJm2s9b6bKzg6+cSPCVjVODOlxeWgbEyY6kAbwtTh720wGTN9gR4TKpTceyWl4L7tYAuFz/ALUVi2g4dXNA8iT+S3GUS+rnDiG5RI3PbsFy3txig1kkhoNRrWzaQGPJhd/HJtHPKKyVmJwXF8830/NdphOJFwAK844HXa6qcpB5dJ7hdnggtIykpGfNGPg6VjswVvDUoMkAjoqODWpRXano5a2HUpZ4zRA0C5H26EGjbTP/AOq7Rq4P/EGpz0hP3XfMLObqLNYxuSRz4pNKcYWT1VSjUgjMbTotCjiWu0WMZezSfHj0R+5c0QDISUz67RYeqZaZIxxZhteia9VTItCkDHBUUiVz91C/ExqJSdMfZKoveXGAI8ShAyd9fcqJ2PasjE1CCbQqfvyhgjbrcSyQ9g3uDuPHYrd4ZxZlaAx4a/8AC+zu4HXxEriKbnPkdAT8FTqNgrDl4Yz+Tfj5ZR+D2ZtIuYWh286Xnrr2C0+C1XBxY8GRvBykHYHcrxnD8br02t93Ve0jWXZm9oa6QFsYX/EDFsifdv8A5mkE+bXD5Ljf0nInpo2fNF9ntOKosezK6RA2Lh8jfzWNU4lRpOaxgkXkjUm1w438V5xX/wARcTVGQ06QaRBDA8ONtnFx+Sq4njFVj25PeQy8VLS5wmQ1sRtAnTXtS+mk3uhLkjR6/j+N0KLA9zwMzRDfvunQBmp1Xm3+JWMe9lDOC0ue5waYloawAZu/OuRbxCo2qak/vJLsxEkEzcB03G3Syn4xUc+lh3PLnPcaznOcSSSXMaCSf5Cunj4sWYzkmix7Eu/zP/5u/wCTV6hgDdeW+x1sR/od8wvUOHuuiX90Z/5Omwi0qSzMIVp012Lox8lgFecf4gVZxNNn/bJ/3r0WV5j7a5X4s3/6bGAx/EXkj5FRNfiXF1JM5x8i49VLg8UJyvEdxYKWnk0ie6vnDMPRcr2djkl2QmmTqQR1SVhoaLf3STxfsyc0ZLKjnDsrTAYEx8FLRwkD6+vrZJzIOp0UvkcujZccYiawb/X1+aB+HYSZY3fUbnv8ED6ltlQxfEi2A039Bb+yUWxyiqAx/B6TntALmNvmAMmzbEHxj4psB7N0y0B0l0yYMSNh2CVLEHeST2VtmM8ummibnL2T9qPo0cN7NYeLM5oMEOIJmDJOh8I+K8yx1HK942DjC9KwvEw0zI7eHX1XCcVc01KocSBmJFp5iDAO8FVxybbsiccUZY9ELgnbqLq5Xbb7QPwn08lszNUUmqapi3uIzPcYEa7dFXRPYREgi0ieh3HZAg6dS/16rT4m88hcZ5R5RygAeDR8FmUGS4TpK9CwXsf+0UmVg/UP5CIsxzm8p3NphFpPYn0ct7NYgCu3wI+S9O4ZUmFwuK9k6tN7XU3sExll2gIOtr6HRdNgM9IsY9wf+7DnOAygE7d9Fm8W7sW6qju8G7RatMrj8H7QUdM7QR3/ADV6r7QsA5Q938lOo4fFrYXTFqjB9mxxXiTaTHOJ0C8apcXdUxGJfrLm/wDiBzekrQ9rOPVKgLWte0fxNe0nwDgFy/s+TmdmEZpBlRLZcfZvOcNQf7KbDY0QATI9fJVqLHFrRGw+SE4Uh05Y21ss0jpk9GvSrNJJgT3P9bJ1kNw7xrYeMfBMrxMLOmqNO3gfLTX5fqsvGu6H681bxWKHptOu49dB8Vz2MxXS/wAO9v6BciidyfsDE4l8wAClTpgCTc6k/wB0WAwb3kZRmcYjsPyXRYLg9NkOecxgW+7eQZnXRNsfXZz5pueSGtNvy6/JWG4J7QDl6rr8PQENygaNtA2BeZ72HxUr8LIu3YA6eY7cx9FNWT9ymeeVnmYiLwPKBPqsDiDiXuJ15T6Rddb7W4Q0wHgbnMNj18BNlz+JwhdTbUFw+m907j3b2k+j1vxrVmXJKzFqC+kTceHmpQwAAxpKhc6VYZYaWv8ARWpkys0CVaxGKD2tbk+yAAZvA8lWgK4zDsyv5r8usDuY66BAEWAZL2jqQPWfyXqXs9xh9OlTYAHNJJA+9LnFwyx4rz72cwhfiGAaXPzXWYYmhUcBPKXNHZrXZTfrZY8raWjXjSZ0HHKbmvzEQ0xlEi3LEGNwCqPvQ5gYRM/ZadoFzY6gK+MUK13NmLHxP3p2Wdj2ZMjhB5i0AFpPMJEkafZjzWMZWxtNKmVa80XhjAWCASWxMkXiNBeFVxjnPaTnJNzDi4kiep8ey0+JD3hY7QtABtBE/iA02RY7ChtEi1mBxsdOXQ+IJjcgFdUJaOaUaZwpoi82ESrPB6wLg14mBb8QPZ2qrcReA5waSALXjmncQNEHAw51VrWguM6C+vXotGSjq8OchyHSJaet7g9wpqlZs3CZ7G52g3e2S78ItGUdbnXsnc0Tp4yLqKTLUmFna4aTH1KSFkfdt4D9EkUPZz+LxxdmA3J6nf18NFrcH9m31DnfIaOoMkWvGwuPj2XUcD9mqdAZnDM/XM4SRvaNNHD+sKzxLiDWAwdNI05TpuNHfpAdAwZ0ZOypWZTw7DlERbx2NzO19DfRZuGqPqOJJub2mAAJm+5g/FZVR5rPDTJaDe5g7XmSZga9AuiwFHKNjMR30k+EOWT26RpVRt9mth2NGXSRI+LmtnT+Ej4q2KuaLagf8Qf/AHWaKh1t1J1H3yMu5uNfFXKBGnhJHbI23nPwWiMWUePYAVGObFiDG+g1A7D1XKez2Ca9lKi9ptUxVMyLc+HLwPM0h8V6DEiDbTXwH15LksTVNHFimW5WVHB1N9/+oGuAJO0yfitIumQ9o8rqiCR0JHmEOfZdj7QeyZ9440i0EuOZhPLmm+R41E/3XOYzguIpuyPpPBgG0OEHQy2QtLTFTRQLlI2p+IkiIGnzOl1NT4ZWdow+Za3/AJELVoey78mepUYwQTF3Hz0A+KG0CTZd9g604kFxAaxrncxtOoHiYW46tne8hwcHOc6Z3LiZ/RVuCtYxhYxoLNS8GXOcLybw3z0TcPwppsAe5pOsCzbbEnXf0WPI7RtxxpnVYbCRSzgHm+PjGybiOFjDOdGhYROusSAufPEX6ZgLyLHXe03PfwWxXqvqUnNL2k5HOyw5p+zb7xnXosYpWOSa2zJ4jx9jMNSOXO9znAQYhrerxeJ2XLYvj73gwXtBEQH5mxuMr2mPiq/Dg6s0Ma4Fwc5wYTBIInlnU9gs3EMLXFrhBBuDYj4rujBJWc0pZOi03F7lrX9nb+MQt3g/G3nMwBrGhtgxob5F32iL7nZcuzYLb4cG02Pc+A9whjT9oz97LrCbehJGzw5xcHXuSJPa/wCivBwi7vM/1VbhROUBuW4dM3IIdlAPax9VPSwDtXc077DwCQUM5z5t6WSUgpuabhqSVjo6jG8Sa1s+cQQbGQI1Fv0gQFydSs+u+xhg+V7a6ws9r6mKflEinJ03ubN73/vZdnwzhwY1pLbcpHfngRYzOU+PfQ8zvo6o1FWR8J4cGgSL2MEazmOo/l9Crr7kTpsdJy+7tPST/WUbngNjo2wsfuSJP4rgxfbW0sRzX3N4vAzjcXMgDQ9Im2ZVRLbk7YwFsxsL+P2f4Tc7Dxt3lY2DIvfT/WTBgRNhpMWgXUTn8ozkA2AmNSDEa8xzCD/FAubtXqgNJdIaDEcsuLXEloIEmxgnfS95GIuUHF4bEXtJkDQg3iIk9drSp8Vw1lRmV7RIII3gtMi8WvHwWXgHl7i4iGgQwCwYAbADa8/EdFoYHibHl7qbw7LIdBnSfiiLvZLTRzfEPZ97n5xUcxwHLpltBGZpsRfsVh8UwuNa1ofRY8aB7HFot1D94/JdhxLih58jAXMNwSCLtBgNi5INu4Cw8f7SDI5xbLiPsl0AwYId0smnJv8AFWGSXbozOFYOqftBjDEkAOc7xJJAG616/DgARUeXAgS05Rl35S3mvYG/4ouFxtTj9RxIoBzJ1y8xnUw4ifJZfE8VXcR7x9S+mfMNexA6qvtS7bHLlj0jruI8boMADcpIsQN4tMXiYHSxuLLlMVx2o82hom0D1+ugWYWpoWkYJEuTZbZxOoDJcXDodF2DuI1KlNj6ZuGXAIbMdSRoFwoZaTpt37BWsFxGowjK6NriRc9E8ES5OqKdRsEgjQkR0gxCkOIedXuMaSSfhKvYtoqc32XycxP2XzcEQOV14MyD2vNCvQcww5padRNpHUHcdwqJ7H/aH7OI8LfJHhXS8akk+JJPzJUVKm55hgLj0Ak+i6LAYRmHpmo/mr3yCQWUwRGeROZ97bNIBudGmDLPstiC5xaZGXMSdbkzAHWSumL9pJHeAuQ9lTDqmwgfNdF1Mm17myVhRK6nJltiPz806JpGv16XSSGUeFcfw7BkYbuhjRDhMyA0O2lxEk7Su0o1Q5sSC+Obq50RyiNJnwgRMQvDwyF2fsh7QMY7LWdeBFQ65W6Ncegv491jLjpWjVTy7O5ykZjrqBET9kTEdZ3trO6jfXANzHWduc35jNiOl7zeUzsQKkvaHRJaHPzFz7tLnkWygx9mJd4xlqVrTBLDGYnlENDjz5RrewE6uF4AUN0Wl7C/bBYRytMmDDpLSMrSBd5BM3BaCdVSx2OL9IMCAdmkN5MpbINon0hUuLZ8j2U5BFPk3sw5nQdnEOkHsVx3B69QS5j3tcDMtJBzGebx7quOOWzOcsTfxlTEua4HEODHfcpsgnsCSDsCo+GY1+Ga4MIbm1NUsb/sZL0L6s/ac5zpvdxvc3uR19FFUpNBAygEtnRtx4ad10qCqmYOTuyxU4tcv9+4vJGZrMjG20OZ7XO+SouxYuYZc6uOc+Ze52/QBWWUmkO5G2mbNjw1sUNam0jlY0Rrbw3i9p+tWopdCbvszsRXe6YrEdg+B/tIUdNtUf8A30zOoc4vBnZwc0hT1KrYswDv1OpBO6iyauAgC0zaeqrF+xWvRFVptcST7pp/gLmg/wCm4HlZJlAAWNAH8Ti9zh4Akt/2qV1YmND5lM3W6nErIrV8AAZ98x57Zh8whbgulVg83fotl2TLpJ0k7+X1ojoMaLgg9u+V2m58e4SxDIho4SlDT71uYE8pBcwjaZaIN++yvU8Ixo5auSbw3OBJ7ZVnnO1s5tNidb7+nwKaljXhpzFx8TMT9eiMW/IZL0aH7OHGDVJEfhedOyVfC08j25zmIscroA6kAXVXh1STmzRtBBMzrG3mpnYh7xIAHQm2m066nTVGLvsea9F7gmAYxhe2oXvcSMpYWtAkmTm1MxorT6J1yRfU2KqcEqk0ydXFzifGBKn/AGg5Q1zsx2FgLdhqkykhe8Y0kl0k7RMadklXfTJ0Ab46n4JKaLs52vgCOp8lAMPey7arRBBECdLCAqZwTDtHdOyaRFwHH12ZA7npieUm4zCC5vcAmJ6rpmOL31XE5GOa0szECHNI5Y6aeS57DYTIftQJ2F48fzVp+MY3lJJ9e3ks5RUmXGTRLj8fVNEim1gLWhu5AaQG5h31F93N7rlOG4WpTE+6eTsQWx28V0AqMfmbESIIIOjrEEjaEzWNpjKwAN2E28bqoJR0jOSvsrHFVDf9ndoBJc3bT7XyTtL3a4Zx/wBTQde3irNOvm5dT1C1A3bNAtYbx0jRW5MWKOefh3jShWbPRzDOn6J2teJ/cVSN5c2SOk/otzE0jMh36/Up8M29z6JZMeCMOtRJyj9leMv8bd9T0n9Al+zPgj9kfB0BezXqbXPwW49ku5TEfJA9j93n63RkwUEYQoPbP+UcAej2yN9ST9BVcTxEMgOw2X/WLwZvC6ZwOpdqqHEcAxzSXsc/+UFzvIfWqakGCOeHFWOEClBmftj0JbZXKb6ok+5cQdDnYI6lp0uLKDGcIfRaKlJzwI3GVwBF9VV4fxHJJLXPNg2XERFuh7WTyfgSjFvZs56jhH7Np/3GT8vyVHHVCzmdhyO5eCJPYNVyhxggc4DHXMePX8J7HslT4vRechDoJ++G5R+YHc+iLYsV4IOCVHVX2yMiLWAgRqVJieLlji0soPANjLzmi0wHRtv5KfEezhe4loa1kWgAkk6EmLeAlUqnss9sAPYTAMGx8fBG/ZX4tVRq4PFF7M0MaXEkhk6n+Ykzt8EYa11ojyumpYchrGuyNLRHJImby47lWhTA2B7qGy1FIqw1hDQDHgLWFh0SVtlKZm3ySSsY4xTpjXfT5qStUaY/T0CpMuc0kfHzCVaoOhnYg/l5p0Z2iw9gIkEW2G09lFSwrTEx6fXdVqNU5pvfqtOnS2311PzSejRPQBwImJAHc+keSFzItAPgprzuB5p3sEzA8YM/GUJidld9P7wHjAJgdylnIvr4qyNYa7XW1oQVMN/D8M3x9PVFh8iDCbwSY+hKCm8mB8f0UpGSA0TbS9/VRe8kjlAjoChCZO+4Eges+qhqtaGm8aTe17D1KctMaHzPooBgGNc5+UnqMziL9iYBj5oQMwOIYyswuDQYiA6J8wsvD1nl4LXvBnWXuPWYEk/Bdy2LNDC4Xg25dxM2WVieKMY/K9haB2EGw0vKtUQ27LNfi3KwOYXkgXa3M3o68+K57GVaLHSxhDr3BcAbbXiFonjbCCWscA2TE2PYgeKrU8S3EvDMjYA1i/8Atjqi0lY0m2kY+Ia8tY8thrpymLcpg+qtYEln7wPDHc2WWgm9o5xBkE3AMQFvsNKiC3lAbYlzi686AajwUVbF0S5jrP0hpFiSQNDaR17Jpg1Wik/2heGtZThhAAzOy6AAC5+ZXQYR5NMPdLjfmAkOAJykDWD2CVDh9J7y9zcttDlIBG4tM+aM1Q5xAYWxI5j9fNDaFTHdQmJcZjS4E9x9aqJ7Xt2vPdGG1HAhzAwfdex2YkDctLbJF7o8NZgf3UUUpAtqP3AgJk7WGb3Hx9EkqKtEb2uiwHkhLZ2vC0WMkafnZC8R2+uiuzEz3Uo0t9eilYYEk+qlrDSdD2KA0o+y1MGwWNIMgwD81NSrkfW6EGdbKWjNy4gKWilIlbWFjF+3zUjXTfX1VGrUkiJIH1qkypO58B8pU0VkXnuIMh3hpsoZkgk+Pl1QW3HxQh5nltrdMSLoybEn5qaWQRcD4n4LLc5x1+KlpOMwTb4/2SaKJ3sNxfxmba3B0WbxThjKjbgzOo27rTBJki3Y7wodBza9BB10QhMwMPRZQDmOcSHnUtGvTTS+qycdhGtM0nFuxBLmnbcrtDh7QfP9LqnjOEU3RytJg3jr949SrTJbOOw1NpcW1A4C+lzmjlk/mr+D4TUlpcbCYIaNDY8x0CPEcBqNcMrpm0kE7ecLTZgXsYMmTN+F2bKJsYmSn0K0WsPSawnLAIiQN9hZKrTz2JGXcQZvuCChwWFqBoNTJmkzl0yxYaKWu8UhIaXdMtzO/gNFNMeSJMIYDhmdJIDZGhgfmN1fBOXLMm/dQYeSA52ojWNSrVECbegPTqjYpSQGGaZM/wBuySvUzYGI2STpEWBXYMuiqM38EkkDIXiwPcoMONUkkAKqLI23Am6SSmRUSLEWFrKCnr5hJJC6GWqf5/qmZ+aSSPAvJCenb9UxtlTpILLNIcw10O5WgGDLp1+aSSCWVam/l8lWP2gmSTRITdWjuVNUYIIjf9Ekk30JdjPs0+arURMeXyCSSSCXTLJsJ7j5ocC8kSTNz80klfgkuvTpJKAP/9k=', 20000),
(5, 5, 'Dưa Hấu', 'data:image/jpeg;base64,/9j/4AAQSkZJRgABAQAAAQABAAD/2wCEAAkGBxMTEhUTExIVFRUVFRUVFRUXFhUVFRUVFRUWFhUVFRUYHSggGBolGxUVITEhJSkrLi4uFx8zODMsNygtLisBCgoKDg0OGhAQGy0lHx0tLS0tLS0tLS0tLS0tLS0tLS0tLS0tLS0tLS0tLS0tLS0tLS0tLS0tLS0tLS0tLS0tLf/AABEIARIAuAMBIgACEQEDEQH/xAAcAAAABwEBAAAAAAAAAAAAAAAAAgMEBQYHAQj/xABTEAABAwICBQYHCwgIBQUBAAABAAIDBBESIQUGMUFRBxMiYXGRMlJygaGx0RQWI0JUkpPB0tPwFWKCg7LCw+EXQ0RFU2OUojNVc6PxJDRks+MI/8QAGwEAAgMBAQEAAAAAAAAAAAAAAwQBAgUABgf/xAA5EQABAwEEBggFAwQDAAAAAAABAAIDEQQSITEFE0FRkbEiMlJhcYGh0RQjM8HwJELhFWKS8QZysv/aAAwDAQACEQMRAD8A07WXTnuVrCImvxNJzOHwcP5p8ZUqblYcDb3FGf1x+6Vh1+pHyCEMaTZj72F9vN+xZdVavz4j8G75pWfa7VqnUvAJ+yWdkgq4ev8AKtw5WHfIWfTH7pKN5U3H+xM+m/8AzVNi1dnP9W75pT2HVqbex3cUidJO2PHonvgoNo9T7q0jlPd8jZ9Kfu1w8qDvkTfpT92oJmrUninuSnvWk8U9yH/U5O1yU/CWbd6n3Ux/Si75E36U/dow5UXfI2fSn7tV6o1ckHxHdxUfJomQf1bvmld/U3dseisLFZzk31Purj/Sg75Gz6U/dpN3Ko4f2Jn0p+7VOdo6X/Df80qOr6ORu1jh5iESPSD3mgePRQ6wwAVu+rvdX5/K2R/Yo/pj90mMnLS4f3fH9OfuVmswf4p7kzdTSH4h7k+yZ/7is+SKP9rea1lnLM4/3fH9OfuUrFyvvP8Ad8f05+6WPlr27WkeZPtFT3Oas+Z4FQeSo2NhOIWsjlXf8gj+mP3Sby8sDx/d8f05+5VUpIQ7ILtVq+SCUsLY8HEoxszNgVk/pnd/y6P/AFB+5TlnK87fQRj9eT/CWYVNAWmyfR04wi+RTTJy7JLvhA2K/wA/LA9uzR8Z/XkfwU0fy2PH92x/6g/cqjyR7tqZVsItsRNaq6laH/Te7/lsf+oP3KVZy1vP93R/6g/crIw1OIFV0zgpbG1ehNQdczpHnw6mbDzLYyCJOcxc5zn5jbWwelBVfkMIxVtv8On9c6CNG6rQSgytDXUC1prAQOwLvMt4LsWwdgR1YtBzVapPmG8Au80OCOhdRdbuXVKJzQ4LvNjgjoKaBdVE5scFzmm8Ee64XKC1u0LsUmYW8B3KN0hoeOTwmg+ZSRkQxJeWGOUUICuxzmmoVVl1Vh8QdwTSfVqIC4jHcrfK8BR9XVgZJM6MjO2iYFoesl1t0e1m5URjAHZcVceUfSJdUOYw5C17cbZhQOhNBTzHE2Mlrek5xyaAMzmUCFjo2kOO1NuIdQpHQ9bKPyfheQZ53NkyacTBKxoGYyyxbOK1t1ILLJ9XYS6XQ7OuZ/8A3ZDf/atmdAbKdLANlAGGAS1leSw13rOdNU4EnnSD4mqzV+rFRK7ExmV9pIHrTT3tSg2cLWVYZNW0F2Fe4pt9H7Qo6GiaACo/TdIMOQVxZo4gWIURpbRMzhZjCfQh6+r61R2ht2hVEpqAvNgpF2g7BTejdDSsd02WU+dHZbFMlrocCqNgaleQ+EtfXA+JT+udBTXJlS4JKs2tdkXoM3tQW1ZX34g4fmKyrYzVzFu6nIK8yk9G3i+xdbL1rsmweT7E0kUSEhyo3EJaeptvTeGvBPhJpVMJCaU1GcQJ4hISzyiQBqM1jaYq0NciSyWSQKY10p3LRe8NbUoIFSpRkiTlmUdTyOsL7UqWuKprmltRtU3KFIu0gC4tBzCElaALXz6k2GhbuxON1J09E1o2JVk07qi7Tx3eCI4MG1Q2kqqUtsxhJ4n2JjDQVDx05CL8AL99lcOZHBDmlD4JnuqXnywUiRoFAFSY9SYb3c3EeJzKmayibDST4QAGwynujcp3ABmdyr+uGlIG0NUOejxGnnDRjbcuMTgGgXzJO5TDZ2ROvVx7zyUOle8UWN6kw4q/QzP/AI0zu9tS76lu7aIcFivJrhk0rQBrgeaoDisb4XFjwWngfhFvgamrTC2SSp3AILH3RRNuaTWoomuNyFK2RC1TIy+26VLXUyUSdHt4JOTRw4KawIpjSrrGw7AriUqv/kgcLpyzRI4KXZGlQ1VZo6PaFJndvUfRUQjx2Frt9V/agpCTYewri0I4mxsDW5D3qgOcXGpTWofYN8n2JsTdL1TCQ0/m+xFipyhvBLiiNIokXMXY2gJ77nCRfDYoZZTEqa1XCUg6O5TtsSMadcWEhdeTRrU+jagyIBKIjGluJVCaoc2EYNXA5dLkYAKhqhZDCuByNddguxTTSMgZDI47GxvcfM0lUam09Q820GFoFgLYGEdauWsJ/wDSVB/yJf8A63LG3QtsDe2QOzLrSNpqHim7aAVu6JsMNoicZK4HZ4K90NNQvdjpiIZBezojgIvt6PgnuU1FWVEVsYFQzx2ANlHWWeC/9Gx6ise2Hout6PxmrBoTWqWF1nnE3rOxCbKWnEcPbIpu06BIFYXV7jnxWs0lQyRocxwcD6DvBBzB6jmE4wqrUdUyW00D8EhAv4rxwkbv7do3FTej64SXBGF7fDYTe19hB+M07j6iCE/HK1/5mvNSRPjJDhQhPsKFkZcKLRURUYIiUXALiiSbD2FcQl2HsKCsoSe4eSEoxISOsG+T7EQSoLnAORAME9SZCSbMuukXFwIUBqVaulNxMj86pDguLSlLrqbukXGyqt5TdThFJRcaLdSQuXbowck7o91wXFRet0lqKo64nD53R+tZQ2WzMIFzs/mtN16kAopQdjjGz58rG/WsvaR0mh2dwBuAF7D6krP1/L3XqNBAah3/AG+wUVXvzsLZAX7dth3pD3QctnC1sst6WrqYsBJN9udwb3/ATYs2Wz/Av+OtLL1LCwgAGqltCaafC8FpyPctR0VXNqWNkYcEjdh3i+0Eb2nePrsRjMZFzwF+6+andX9MOhcHA9o4rmuuGuzaFl6V0Y20svMFHDbv7itro6rGCCML22xN4X2EHe02Nj9YITm6r1JViVrZY/DA2eMDa7D2+ggFTNNMHAOGwi//AJG4rUjkDgvBPjLSQdidAIFFDlwyIiGuPOR7Cgil18XkoLhkpomOkJbYPJ9iRpjizRtLNvzfkn91JUTsORWe6X9SWOy/hMBvy6hOJRbNJmVGmdcWSeArppqOo1c0YYpSIEpwRZcptiPMUy2gjvKhrVN5HpJ1QG2udpsN+f4CWwqG1kpgeZJcWlsuRBt8Rxseo2Hck3vdmEZjQ40U6XncPOTZcxP/ADVBCZ2wukHWACP9xJ9KJJUEf15HlMt9YvtXOtOONeICu2zE/wCj9grBd3V6V0yEbXNHnVSNf0g11VZpIvZhGXlbAovTVOA4ubNfi7puuOuwt6VbXODbwB4+1UzHo8ucGuNK/wBrvuArFr68+5HWsRzke838Mb1kOsALCGsLgXmzHN3ku2X2jK547VYdKN+CI59zgS04AHhhz23LrXUMXvzaMR45C+WVrE3QWzh5v0W/Y7EY7K6IPOJOIBBoab/D1RKkXDWncxoPaMybJB77G2zbsOVrC1z1/UnkcUvhc08jrNh2k2CYVpAkbjzu43AOefDruq1K1mPbWm7wPkjiMbt1r52zPBcaMJ6rbrm3UlYX2aAQLjbuvbYT3LjBck7rb/x+LKcwmQ47VctQtJ4H4CcnZexaLTnC4jc7pDqPxvWD5ysV0ZUWeHN3HJbBQziSOOTrHp6J9foRYHEVHmPuvH6fs1yUSj92BUqZEk6RccETCmdcV5+6EvA6+LyfaguUw8Lyfauo8eLUN+aJUsvg8n2JIRJxM7wfJ9iTxhKStF8orD0Quc2gGI2MIwcFQNCsihq7hXcQQxBWoMqqEA1VrlABFKHDdKz0tePrVmxhQOvNjRydRiP/AHGg+gqkgFwpmxOu2mM/3DmqTR6VkaBZx70/bp2XjftAPrUCx9hlYpwx91RriMivWPs0TsS0KcZpM3BMcRvt+CjufQuzVrhe0cVv+mz2KNprYmp3WknsRm1pWqUdCwOAokZtLP2dHzNaPUEwqNLSH45HZkkZ2nqTKVALnb07HZos7o4JCsqHHaSm2j9Xqiskw04YSyz3F7sIAJy673BXZ1eeSZnTqj1QD0SKkbQXiq7SEzrPZnOjwIpTiEzbqJVX6TWHbnjZYegbexOIdQJ39FxijZfMgl7iOAaAAN+d1pSCZ1LV506atRGFB5e5I9FRJeTiMPJhmLWnc9uJwPU4EKz6N0Y6KJsZeHYSDcNIyDgbWuVKrhVhG1pqEnPbZ52hsrqgbwOdK8SikItkdFJXFLI0XxvJ9qCEXxvJ9qCah6qA/NVTXrWIUjqcH+sZIfm839pVr3/DgmPL88h1DY26FR64Fl0UzjvSFpsofIXVOPtRaVnc3VgEflStf9/w4FF/pEaOKy73SbbVHzVWe1A+CB2nijVZ2Vs8HKAxx3p778BZYlRVZB2qWGkXW2qjrGRkTxUjVHYtW9+bUz0xrQJYXx+MLdxB+pZi2sfxTiOsdfNQLI4Y1KJGYmvBAyKtEBT2NgKa0bbgZJ9EUw1elkOOCe0EPS2JxpNttnBF0eel+PUnGlgB+PUm2joLOc464BVyZM5hxT+cphO5KFacZJTCZXjk3qAzn75XMQ7g/wBqo0u1J1OkXxE4XWubnzIXS/bmlNKAOgoe7mFuI0k3iEDpJvELBRrPLfwypGj1kdveVx+JG5ea+HZvW0flFvFD8pN4rJ5NY8vDTA60Ov4apetHcrfDM3rZTpJvFEOlG8VkjdZT46Rk1md4yr+pO5T8Mzets0bVh+O25o9N/YgqXyU6VM7qoE3wsh9Jm9i4tiyX9SL+ePMrNtDQ2Qgd3JV//wDoE9Kg8io9cCyeORbHy50BldRW3Mn9Jg9iy/3vu61Ermh1CjwtdcFAo+SXJNCpl2gX9aSfoF/Whhzd6KQ7co9klk7gnum8tA4GycU1A/bZSaUVQTVP43JXGmxp38EaOF/BUqESpV3oJOiOseZSkLswoHRZOBt+ClY75cEu1euNHNDt4CsdCBa+Rz4gW4CyNp02t2KFo5yHZklTOmj4JI+KLpwPvRlZr4yyZvfVV2c9aYTuAyuntU4bh6VGzZDYEm5a8Qqmb3ZplpMdIlPDmfOojTVTYkfjNREKuSGmCBEPFMJWIhmIRTUZJs+RN0XmbyXkqHHemxeUYPSb1YBQXI7ZyuulKSYM06awBSV1VqXIAelXeRT+uoQRuQVwx13/AE6f11C6mI+qEnKOmVaOUVoJpri/Qk/hKpMjbwV+1vo+cMHU1/pwexRDNBgDrSEtmkllcRlhn4BOQysZE2uePMquCnbwRnUTCNimpaS2QamEjLXCiexmFt6qs2cPNFTK6jaHkWUzo/RbS26jNJn4Qqf0e/oBBJNETJJ/klnUiu0U3qV10DohrhieL9SlqrQkTh4AHZkuFnkIqh/FNBosr5rA6yXa+3V6lMa36MbA+MtFg8EHtaR9pQErzbLf6FDatFDmvV2J4lhYRu5Gn2T+lviF1OaYeA1l/F37+xVynxWz/mrDpmQOjiO2zLHemoz0XIVob81nnl4KAqCoydSE7UwnzS7k/HgE0vwCc+9d0oD8PhAFNhtyWrUGiXNijHBjf2QpgY5xNNix9OSta1gO0n0H8rKZ9T3D4qZSarkfFWwz0DuARItXZH7mo1JAaAFed1se0rHm6tHgnA1RJ3LWzqtI3OzD2H+S43RDxlg9S463cp1kayT3nngiSapP61sp0HJa/N+kJjU0+DJzbFd0x1l19hyUJyK6INO+tv8AGZB6DP7UFadTgMdRbxI/4iCchN5gKUlAvlSWnX2MXku/dUdPUAC6f6fiLjF1Nd+6m7dH9HNDfNJeLGDLarNDaAlV6fSA9KZ1cgOfVmofWnHDNhF+PmKUopCW5qtptd+zhhGO3yRYI6SXgVX9J/8AEU5o4/BqC0qfhCpagd8Gs5x6KfpitL0JL0W9gUw56qug6qwHYpebSIC0hI0R1JWVdJcoflGZenjf4ko7nMcPWGqhxSC1t54q4601vO00jOoO7iD9SocLlna0PcSF7DQzf0xadhP5zUnTvzsVKzSNLBfcq7SzEvzyspSomy/ARmOoCn54ukE3lfwF+wek9WSjqs23rtTJnc+ZMZpiUFzk1HGRilaRuN7W8SG95svQJjFrLCtUosdZAP8ANjPc9pPqW5OkTlhycfBeS/5E75rG7gfU/wALjYQdyeMbZM4JU8Dk9gvOAYoyTEYujFwQa5SpKMq5rhGBEXbwR6SrCXAKm646TDm8203zF0Kf6bj3K8fXb4omojruqPIj/iIImoB6VR5EfrlQVLMKxD82q8/1CrDpRwvH5J/dRmvGG6YayyEGLyHfuKpaT1nMLSLYuCEbS1kxafzAKwhc5gLUprxE0yMfxBb3H+aiAwADsVeq9Y5JXguFgL2HapWKqxAHqS9rIPSG1FsgcHUKg9LHpqVoHfBqF0s/pqSoJOglj1Qn6dJXXRLrtHYpAw4jkqto/SGEBS+jdMtxkE7kRoDqA5JJxuVKkp9GAtcPGaW94ss0sQ4g7tq0iq02wDaFQtIAc68jYXvI7C4kKHsax91q3P8Aj85c57TuB+ySjbmnzz0UxjNinbnZKRkvQyYkKOqTmmEqfVITKRUcmW5Kx8nkOKti/NDnHzMcB6SFrpaSFm3JPT4ppH+LFbzucz7JWnpqzNwxyK8NpuS9aiNwHv8AdRVZM6NNIdNSXtuUrWxh+R7Uwmo2NBI4JkSyscQ2hb35ry9qa8uq00RZNJvvdLx6ZdbYoN9SDkN+SXZS2F8Ssy3Xsmh3nRKayWvRKd6T0u4tIGSpdVOSc1N1k4AKr1S8FyQmtzpTdyA2LT0eKyXialWzk+PTqfIi/ioInJ2enU+RF/FQT1l+k3z5lN2gfMP5sU3rLFcR9THfurONLURe6y0bWcOtHh8R37qpMdNMZelGbX23HtUywtcb1FZkpayihHapODcQPmTWJhYbHctQfGMGzdwWd6dylKXttBGr2EkyEFVjSr+mn1BJ0FF6TPTTugd0EieqFpfuKuurOg/dAxEnCpqr1CYTia97T23S3JxIOZt1q8WyWjBCx0YJzWTLIb5CybSmrUjD4RIURW0pjIDt4uta0vECFSddKO0UcgGxxaf0hcfs+lYk0zorbqSagj85Lb0TMBI0UArgqkEtiySN1zHknQV6ulUjVFMXJzM9NwqlHyatM5Iqf4Od9trmMH6ILj+2FfnsVa5NqfDQtPjySO7rM/cVpK04YwYh4L5xb3k2mTxPph9lD1rS3MKHr60kWAsrZLECo2XRDSbrHtthtYP6Z3RdmK5d9c1nytvKow0LibpeZ5aLZ3VuhowMrJOq0Y1+1VGirRFFWN3S3bOKSdZsMFnVZjKjMw7NaVLoNllTNYKARm42XQI7PaIjWUZ+a09HRtYcc1N8m56dV5EXrlQROTQ9Oq8iL1yoL0Vj+g3z5lEtP1T5clK64h94MLiOi+/+xRMbJQ3FjHnCmNbXkGC29j7/AOxQfuguIaNgWZardPDO9rXEAUoMKdUJqGBr42kj8qUqyql2XafOQlH4z4UTXedp9aLzYaLldNczj6EqNNWnuPiP9KxsrMwCmNTQ0zj8JSi/kj1hIfkmgOQbh7C5qUq60HYmwIOaM3Sd76kTfLD3VxZXDJ5CntBRwU+UbsuBddWKPSbDvVToBfKwz6k3rHWJA3bxkmY9JQgU1ZA7j7pd1keXdapVvq5Q/YQojWSmxUkgyJGFw/RcL+i6rja942SHvRZdYXRgufd7W9JzRYYmjMtB6wLJd0Vhlm1tXh3oisZPEQRQ3TXgq29o3ImG4KUMLnAyRscWG52XLQcwHW2Gy7SAFsl9oF8/KA+tWGJovaxzNcy801GHqoyREY1LujLjYNJPVmnrNHPZh5xuEyHCxrsnOPFsY6RHXayhoLzdGaJabSyFt55p4/mPktV1XqWx0sTLgWb6SST61JivaTa6yOq1slhe5ppH4ASGu6Qu0bDssj0+vkYcC+ORvnB9dk0JJ29EAEDDArwT2BxLzmceK2ZjroxVM0Hr5SzkMY5wdwc36xdWM1JOyx860gTSqz3YFPQUdMYJnbx6ikq3SAYCSDYdRUFwAvFRVPJnCyz/AFxlBAt4yPpvXmJgsDcncqdPpczuvuWZa7Q2QUZxTNkYTJXcrxyYHp1XkQ+uVdSfJcenV+RD65kE5Yz8lvnzKm1/WPlyCkOUGctNOBvbJ6ObUFQVeHaAe0X+tTfKBSveafC0usyS9tuZj3bVVqdpb4WXUQR9SxtIN+e4+H/kLRstDA0ePMqxPnxMLsLbdVr+u6iZJLmwHek2zcE1mkzSNS44ozWUR6lgG0tuDuJ9i7A9IAk7fSEuxoHxh3qzkQKagqWtYQB0iNtxYcVHPdnmR3ppJO3jdM5Kpt1YVd5KrWUqnpYN9vnBEEDX9BpZid0bEk7chsR9D0zZnWcbAW4C5N7C/mUzpHRAmg5mJzqctcWvc7wrkAxv23w48jbPNOwWWSQXhkl5Z2sN0nFVrW7SMzImRVLY45YJGkSRkXcAxzA5uE3A4ggHJF1O1gLucxStkaxjnuD3Ou1gIu8l2xouOy6WqtFaSdcVIhkab4pSYnbcm2cxpe35oaMusKe0Pq85rA12j6chzMBkbLIC4G3hhrNmWfYtGel4UHKvChqlW3Q3Z5f7UHUa/U0d7SOzvlTlrz2fCAgBU2bWaplkxsfLmbNJawOPVhZ1cAVp9TqiC3oaOpCLG7jLKbHycGaqOlNDSuc1jRFFGcNxHtDbDFfC0HI3Gd9hVIp3MbQ4Vx3cgMFwjY91R+epS8deS0OfUOIN+lheQTvzsQT50aJrJPCeXDjgIH+5WzVDRMUEEgZNzschMjWPAuMREYOXxcDWDhcXFlX9aqA04acV3E2Oy5bhFnG2x175DL6wy2V4F8bcd1EeO0NJu5bkSPR9Ow4i9uLdhjGLzkH2Ka0bWtJDRNKewCw9KpED7kXuVZ9BkApR88kQq0nifsUV0TXdbHh7K5RYrZSE9tgfSkauvexpINz15j0JA1GW1Quka0jY4hVZpO0HAOPPnXml22Vh2Jeq1paMpYGPHYD6DsUczWTRrnWNKA782MD0tsoybSOM2f0uuwafnAIvuCFpIxAOII6XA7c+Kdbbn0o8A+QVvhWjKo8yr7qPUUb3VBpRY4I+cF3Ef1mHaT+dsQUVyWaOdE+ru1oDmQ4S3MOsZt+/agtGFwdGCBTPLLNITNLZCK1y79gTnlIcQ6mIcWjBKHEAnImJVWn0zIBhviG7EMQ7irXykbae7g0FkoO25F4jYAdnUFTHc03PpHu/Zz9ayLa6k7vLkFp2RoMIqN/Mp2J7kusBfM2yA7OC4+ccA7r3pg/SAAyZ2XufQEzkqHu4gdQA/mkgwpqilJcTvAlz8UkN7jsKZTyvjNn3B4H+aZh9t5v2/j1JePSUjRbEbeKcx3HJEAU4rjq7qHcPqRWVAcbFtusX/ml46uOTJ0bB+cz4M9w6PoSnuOJw6ErQd4fcdxGXfZTgFFd6No3TXuZ+TQS64wvf0JPzScgCNov/AOZ/SGnn4GPDSQA1wfEAGguAc4Au2lpNiL52zCq1VQ82bSxY2G1w5uKMgZ+E3LuKiBUyRRlsE8rbnwMZwbb5C9gdm6+S04J26sMOxJvhpLrKVB76K3M1kMziZImOysXtcaaQnIAnCcLjbK1k50bN0M4q05nOJ/Q6hfmzu61nz9cpm3bJTwOOwuMLcRPEmPBmrhoLlDa2ms/A1wPgtifcjOxvjsfOokhcXVca+SY+LjDbrGnwJNPb0CkqiVrhnSVrx/mzua3z/BhV6qnMZBbG1gPhNa8SPDcgQHOBDHEE55+ayc6V5Sw9vQw9hikI2brS3VBrdPzyGzcLL+KzD+0SVRsDj4cFdluZSjwfAOJ5mnotf0PpfAGhkDYm3xPe6Qve1mG1w/CLHbYAbzZVSr1l52rxxjnGNJzdm1rbWAxDw3bLnPeqvBQyPN5pnOPBxMnoNwpVlUG2DWNAH5oHoG9HdMBGWDGqRfHfl1lKDdUknz/hWR1TBOSSOZebZjOMnryu1LROdE6xyPrHEdSr0dUPEae8fWn9PUYsi3O2QBPcLrLkZVNNU/8AlHLamFZOmYnB3O/HmQJHF1+weu6C2IAolEpGeicsz4IFrk3Fyd9rIlaOi0Otcbu3PPr7U7p4wxgfY4zvd+7dMiwk3JuUSq5oVw5KG2NV5MXrlQS/Ji2xqfIi/ioLdsWMLT48ysa2j57vLkETlReQaW3iy+uJUEA3/BK0zlA0HPU+5zDGX4GyB1i0Wxc3bwiPFKqo1Prfk7vnxfbWba43mZxa0nLIE7AtGySxiFoc4DPaN571Xmxnau4DvPerH7z635O758X20X3nVnyd3z4vtpbVS9h3A+yZ10Xab/kPdVp8QXBEfFNu3JWb3mVnyd3z4vto3vRrfkx+fH9tTqpeweB9lXXRdocQq/TwjhnxFkHRMG3NWE6qV1v/AG7vnxfbSB1Orvk7vnxfbXCGXa13ArtdH2hxHuouKre3KM4RwHsUfV1sZJ52AEb3sPNP7cuifOFYX6mV3yZ3z4ftqOq9R9IkG1I8/rIPvEaOF4PVPBCfLGcnDiFBawaCp7MdFVsBe1pDZbgi42F7LgecBJaM0DPZwsXBoLscZbIw2FycQOWXHgnM3J3pVxuaJx/WU/3iltDaraYpzeOjewkWOGWAX7fhM1o6txaAQlrzQagjiqfVRHY55AvbYCQo1rGMlGbpGBwvcYCRvFrm3atLm1X0lJ/xNGuv47JKZp87OcwnzWUZpHk80m92MUgOwWBp43W4lofb0lRG1zRQhQ+441vDioIPu4uAsDsGdh35p2Hjepqm1E0kBY0bh+sg+8UhFqRX76U/Ph+2lXsfXqngjNewYXhxVYjKd07SeKs7dSKsf2Yn9KED9vNLR6o1o2U5b2Pi+2gOZJsa7gfZFD4+0OI91DwU+fTy7bm/mBuli+3gg92H0BTUOrNa3ZC6/W6E+tyNNqzWE39znYPjRD95B1MvYd/ifZX10faHEKvkHeuFqnvepWH+oPz4vtLvvPq/8O36TD9a4QS9g8D7KTPF2hxClOTPbU+RF/FQUhqToaanM/Oswh7WBuYN8POX2H84Li27GC2EAjHHmVjWtzXTEg7uQU6ZDxPeUbnXeMe8oIJhL7UOdd4x7yhzrvGPeUEFClASu8Y95Q513jHvK4guXLvOu8Y95Q513jHvKCC5chzrvGPeUOdd4x7yggrKChzrvGPeUOdd4x7ygguXIc67xj3lDnXeMe8oILlyHOu8Y95QErvGPeUEF2xQhzrvGPeUOdd4x7yuIKCpXedd4x7yhzrvGPeVxBQpXedd4x7yhzrvGPeUEFIULoeeJ70EEFKhf//Z', 40000);

-- --------------------------------------------------------

--
-- Cấu trúc bảng cho bảng `tables`
--

CREATE TABLE `tables` (
  `id` int(11) NOT NULL,
  `name` varchar(255) COLLATE utf8mb4_unicode_ci DEFAULT NULL,
  `status` int(1) DEFAULT 0,
  `area` int(4) DEFAULT NULL
) ENGINE=InnoDB DEFAULT CHARSET=utf8mb4 COLLATE=utf8mb4_unicode_ci;

--
-- Đang đổ dữ liệu cho bảng `tables`
--

INSERT INTO `tables` (`id`, `name`, `status`, `area`) VALUES
(1, 'A1', 0, 0),
(2, 'A2', 0, 0),
(3, 'B2', 0, 1),
(4, 'D1', 0, 2),
(5, 'B1', 0, 1),
(6, 'B3', 0, 1),
(7, 'A3', 0, 0),
(8, 'A5', 0, 0),
(9, 'D2', 0, 2),
(10, 'D3', 0, 2);

-- --------------------------------------------------------

--
-- Cấu trúc bảng cho bảng `users`
--

CREATE TABLE `users` (
  `id` int(11) NOT NULL,
  `account` char(255) COLLATE utf8mb4_unicode_ci DEFAULT NULL,
  `name` varchar(255) COLLATE utf8mb4_unicode_ci DEFAULT NULL,
  `phone` char(255) COLLATE utf8mb4_unicode_ci DEFAULT NULL,
  `avata` text COLLATE utf8mb4_unicode_ci DEFAULT NULL,
  `permission` int(1) DEFAULT NULL,
  `password` char(255) COLLATE utf8mb4_unicode_ci DEFAULT NULL,
  `status` int(1) DEFAULT 0
) ENGINE=InnoDB DEFAULT CHARSET=utf8mb4 COLLATE=utf8mb4_unicode_ci;

--
-- Đang đổ dữ liệu cho bảng `users`
--

INSERT INTO `users` (`id`, `account`, `name`, `phone`, `avata`, `permission`, `password`, `status`) VALUES
(1, 'trunghuong', 'Ma Trung Hướng', '0395749843', 'https://luv.vn/wp-content/uploads/2021/08/hinh-anh-gai-xinh-11.jpg', 0, '1', 0),
(3, 'th', 'Ma Trung Hướng', '039574164', 'http://hinhanhdephd.com/wp-content/uploads/2016/01/tai-hinh-girl-xinh-lam-avatar-de-thuong-nhat-22.jpg', 1, '1', 0),
(4, 'mth', 'Trung Hướng', '01665323215', '', 0, '1', 1),
(8, 'new1', 'New', '0365656562', 'https://bloganh.net/wp-content/uploads/2021/03/chup-anh-dep-anh-sang-min.jpg', 1, '1', 0),
(9, 'new12', 'hướng', '0251601623', '', 0, '1', 0),
(10, 'david', 'David', '0546122314', 'https://didongviet.vn/tin-tuc/wp-content/uploads/2022/01/ngoi-truoc-guong-didongviet.jpg', 1, '1', 0);

--
-- Chỉ mục cho các bảng đã đổ
--

--
-- Chỉ mục cho bảng `bill`
--
ALTER TABLE `bill`
  ADD PRIMARY KEY (`id`),
  ADD KEY `fk_bill` (`idb`),
  ADD KEY `fk_user` (`iduser`);

--
-- Chỉ mục cho bảng `categorys`
--
ALTER TABLE `categorys`
  ADD PRIMARY KEY (`id`);

--
-- Chỉ mục cho bảng `invoicedetails`
--
ALTER TABLE `invoicedetails`
  ADD PRIMARY KEY (`id`),
  ADD KEY `fk_id1` (`idbill`),
  ADD KEY `fk_id2` (`idproduct`);

--
-- Chỉ mục cho bảng `products`
--
ALTER TABLE `products`
  ADD PRIMARY KEY (`id`),
  ADD KEY `fk_cate` (`idc`);

--
-- Chỉ mục cho bảng `tables`
--
ALTER TABLE `tables`
  ADD PRIMARY KEY (`id`);

--
-- Chỉ mục cho bảng `users`
--
ALTER TABLE `users`
  ADD PRIMARY KEY (`id`),
  ADD UNIQUE KEY `account` (`account`);

--
-- AUTO_INCREMENT cho các bảng đã đổ
--

--
-- AUTO_INCREMENT cho bảng `bill`
--
ALTER TABLE `bill`
  MODIFY `id` int(11) NOT NULL AUTO_INCREMENT, AUTO_INCREMENT=34;

--
-- AUTO_INCREMENT cho bảng `categorys`
--
ALTER TABLE `categorys`
  MODIFY `id` int(11) NOT NULL AUTO_INCREMENT, AUTO_INCREMENT=11;

--
-- AUTO_INCREMENT cho bảng `invoicedetails`
--
ALTER TABLE `invoicedetails`
  MODIFY `id` int(11) NOT NULL AUTO_INCREMENT, AUTO_INCREMENT=40;

--
-- AUTO_INCREMENT cho bảng `products`
--
ALTER TABLE `products`
  MODIFY `id` int(11) NOT NULL AUTO_INCREMENT, AUTO_INCREMENT=10;

--
-- AUTO_INCREMENT cho bảng `tables`
--
ALTER TABLE `tables`
  MODIFY `id` int(11) NOT NULL AUTO_INCREMENT, AUTO_INCREMENT=12;

--
-- AUTO_INCREMENT cho bảng `users`
--
ALTER TABLE `users`
  MODIFY `id` int(11) NOT NULL AUTO_INCREMENT, AUTO_INCREMENT=13;

--
-- Các ràng buộc cho các bảng đã đổ
--

--
-- Các ràng buộc cho bảng `bill`
--
ALTER TABLE `bill`
  ADD CONSTRAINT `fk_bill` FOREIGN KEY (`idb`) REFERENCES `tables` (`id`),
  ADD CONSTRAINT `fk_user` FOREIGN KEY (`iduser`) REFERENCES `users` (`id`);

--
-- Các ràng buộc cho bảng `invoicedetails`
--
ALTER TABLE `invoicedetails`
  ADD CONSTRAINT `fk_id1` FOREIGN KEY (`idbill`) REFERENCES `bill` (`id`),
  ADD CONSTRAINT `fk_id2` FOREIGN KEY (`idproduct`) REFERENCES `products` (`id`);

--
-- Các ràng buộc cho bảng `products`
--
ALTER TABLE `products`
  ADD CONSTRAINT `fk_cate` FOREIGN KEY (`idc`) REFERENCES `categorys` (`id`);
COMMIT;

/*!40101 SET CHARACTER_SET_CLIENT=@OLD_CHARACTER_SET_CLIENT */;
/*!40101 SET CHARACTER_SET_RESULTS=@OLD_CHARACTER_SET_RESULTS */;
/*!40101 SET COLLATION_CONNECTION=@OLD_COLLATION_CONNECTION */;
